https://cdn.shortpixel.ai/client/q_glossy,ret_img,w_780,h_520/https://www.labradortraininghq.com/wp-content/uploads/LTHQ-199-feat-780x520.jpg
https://cdn.mos.cms.futurecdn.net/SV5w8LxgwLkjk6YG3xULKG.jpg
https://dogtime.com/assets/uploads/2018/09/dog-pooping-blood-1-1280x720.jpg
https://bringmethenews.com/.image/t_share/MTgwMDEyMjI1MTYyMzg4ODI0/2933768326_c985516d9a_k.jpg
https://www.petmd.com/sites/default/files/styles/article_image/public/dog-pooping-shutterstock_194407178.jpg
https://www.fearfreehappyhomes.com/wp-content/uploads/2020/08/bigstock-Husky-With-Pooping-In-A-Dog-Pa-50533997.jpg
https://i.barkpost.com/wp-content/uploads/2015/05/feature-dog-poop-updated2.jpg
https://t1.ea.ltmcdn.com/en/images/8/9/7/my_dog_poops_a_lot_more_than_usual_3798_600.jpg
https://www.dogtrainingnation.com/wp-content/uploads/2016/06/dog-wont-poop-on-leash.jpg
https://pacificsun.com/wp-content/uploads/2021/04/NEWS-MPS-2118-scaled.jpg
https://www.thedailygardener.com/wp-content/uploads/2019/04/Keep-Dogs-from-Pooping-on-Lawn-e1555292314532.jpg
https://st3.depositphotos.com/4388545/35482/i/600/depositphotos_354821474-stock-photo-dog-shit-dog-pooping-street.jpg
https://i0.wp.com/homefixated.com/wp-content/uploads/2011/04/poop-on-grass.jpg
https://image.shutterstock.com/image-photo/labrador-retriever-poop-dog-park-260nw-681754210.jpg
https://media.sketchfab.com/models/d342e579c0e34bbb89648d7ebdde0797/thumbnails/4ce2ca7d58ba4c50acd52491b320e6cb/e9e9054f251f41619bc41446c98e9d87.jpeg
http://cdn7.dissolve.com/p/D1358_4_018/D1358_4_018_0004_600.jpg
https://dogtime.com/assets/uploads/2018/09/dog-pooping-blood-2.jpg
https://nitrocdn.com/NgixRrFkBQeTlDCSdcOpdSPEAchKObDh/assets/static/optimized/rev-51956ec/wp-content/uploads/2018/02/dog-pooping-on-grass-due-to-bad-food-ingredients.jpg
https://www.caninecampus.us/wp-content/uploads/2019/03/dog-pooping-in-bushes.jpg
https://i.cbc.ca/1.4018457.1527291101!/fileImage/httpImage/image.jpg_gen/derivatives/16x9_780/dog-poop.jpg
https://www.highwayvet.com/blog/wp-content/uploads/2020/10/Highway_iStock-153207909.jpg
https://tamaractalk.com/wp-content/uploads/2011/04/DogPoop3.jpg
https://i.ytimg.com/vi/W4Kp7JUrPU8/maxresdefault.jpg
https://i.ytimg.com/vi/zuglEe8QA6w/maxresdefault.jpg
https://iamperfectlydysfunctional.files.wordpress.com/2011/08/img_0383.jpg
https://i.ytimg.com/vi/RuDqJ2J35QI/maxresdefault.jpg
